{
  "name": "FeedEk",
  "title": "FeedEk jQuery RSS/ATOM Feed Plugin",
  "description": "FeedEk is a jQuery plugin for parsing and displaying RSS and Atom feeds. You can obtain feeds easily from any domain. No need for server-side scripts. Feed API is used for fetching RSS/Atom feed data.",
  "version": "3.2.0",
  "homepage": "https://github.com/enginkizil/FeedEk",
  "author": {
    "name": "Engin KIZIL",
    "url": "http://www.enginkizil.com"
  },
  "licenses": [
    {
      "type": "MIT",
      "url": "https://opensource.org/licenses/mit-license.php"
    }
  ],
  "dependencies": {
    "jquery": ">=1.6.2"
  },
  "demo": "https://jquery-plugins.net/FeedEk/FeedEk_demo.html",
  "docs": "https://jquery-plugins.net/FeedEk/FeedEk.html",  
  "download": "https://jquery-plugins.net/FeedEk/FeedEk.html",
  "keywords": ["feed", "rss", "atom", "feed-reader", "feed-parser", "jQuery", "javascript","plugin"]
}
